WorkoutID,Date,WorkoutLabel,SetID,Exercise,Weight_kg,Reps,NoteA,NoteB
W20251107,2025-11-07,,1,Deadlift (Barbell),90,5,Warmup,
W20251107,2025-11-07,,2,Deadlift (Barbell),120,5,Working,
W20251107,2025-11-07,,3,Deadlift (Barbell),120,5,Working,
W20251107,2025-11-07,,4,Deadlift (Barbell),120,6,Working,
W20251107,2025-11-07,,5,Squat (Barbell),85,5,Warmup,
W20251107,2025-11-07,,6,Squat (Barbell),90,8,Working,
W20251107,2025-11-07,,7,Squat (Barbell),100,5,Working,
W20251107,2025-11-07,,8,Seated Barbell Overhead Press,40,5,Working,
W20251107,2025-11-07,,9,Seated Barbell Overhead Press,40,5,Working,
W20251107,2025-11-07,,10,Seated Barbell Overhead Press,40,5,Working,
W20251107,2025-11-07,,11,Lat Pulldown (Standard Bar),55,8,Working,
W20251107,2025-11-07,,12,Lat Pulldown (Standard Bar),60,6,Working,
W20251107,2025-11-07,,13,Lat Pulldown (Standard Bar),65,4,Working,
W20251107,2025-11-07,,14,Lat Pulldown (Standard Bar),65,6,Working,
W20251107,2025-11-07,,15,Seated Row (Machine) – Wide Grip,60,6,Working,
W20251107,2025-11-07,,16,Seated Row (Machine) – Wide Grip,60,6,Working,
W20251003,2025-10-03,,1,Bench Press (Barbell),50,9,Working,
W20251003,2025-10-03,,2,Bench Press (Barbell),50,10,Working,
W20251003,2025-10-03,,3,Bench Press (Barbell),55,6,Working,
W20251003,2025-10-03,,4,Bench Press (Barbell),55,5,Working,
W20251003,2025-10-03,,5,Bench Press (Barbell),60,2,Working,
W20251003,2025-10-03,,6,Seated Barbell Overhead Press,35,7,Working,
W20251003,2025-10-03,,7,Seated Barbell Overhead Press,35,6,Working,
W20251003,2025-10-03,,8,Seated Barbell Overhead Press,35,7,Working,
W20251003,2025-10-03,,9,Seated Barbell Overhead Press,35,5,Working,
W20251003,2025-10-03,,10,One-Arm Dumbbell Row,22.5,5,Working,
W20251003,2025-10-03,,11,One-Arm Dumbbell Row,22.5,5,Working,
W20251003,2025-10-03,,12,Pull-Up (Weighted),5,4,Working,Added weight (kg)
W20251003,2025-10-03,,13,Pull-Up (Weighted),5,4,Working,Added weight (kg)
W20251003,2025-10-03,,14,Pull-Up (Weighted),5,7,Working,Added weight (kg)
W20251009,2025-10-09,,1,Squat (Barbell),65,12,Working,
W20251009,2025-10-09,,2,Squat (Barbell),80,6,Working,
W20251009,2025-10-09,,3,Squat (Barbell),90,3,Working,
W20251009,2025-10-09,,4,Squat (Barbell),90,3,Working,
W20251009,2025-10-09,,5,Deadlift (Hex),120,10,Working,
W20251009,2025-10-09,,6,Deadlift (Hex),140,4,Working,
W20251009,2025-10-09,,7,Deadlift (Hex),140,5,Working,
W20251009,2025-10-09,,8,Bench Press (Barbell),50,12,Working,Rails
W20251009,2025-10-09,,9,Bench Press (Barbell),70,5,Working,Rails
W20251009,2025-10-09,,10,Bench Press (Barbell),70,6,Working,Rails
W20251013,2025-10-13,,1,Bench Press (Barbell),50,9,Working,
W20251013,2025-10-13,,2,Bench Press (Barbell),55,5,Working,
W20251013,2025-10-13,,3,Bench Press (Barbell),55,7,Working,
W20251013,2025-10-13,,4,Bench Press (Barbell),60,4,Working,
W20251013,2025-10-13,,5,Seated Barbell Overhead Press,40,1,Working,
W20251013,2025-10-13,,6,Seated Barbell Overhead Press,35,7,Working,
W20251013,2025-10-13,,7,Seated Barbell Overhead Press,35,5,Working,
W20251013,2025-10-13,,8,Pull-Up (Weighted),5,5,Working,"Added weight (kg) Written ""4.5"""
W20251013,2025-10-13,,9,Pull-Up (Weighted),5,4,Working,Added weight (kg)
W20251013,2025-10-13,,10,Pull-Up (Weighted),5,4,Working,Added weight (kg)
W20251017,2025-10-17,,1,Bench Press (Barbell),50,10,Working,
W20251017,2025-10-17,,2,Bench Press (Barbell),55,7,Working,
W20251017,2025-10-17,,3,Bench Press (Barbell),60,5,Working,
W20251017,2025-10-17,,4,Bench Press (Barbell),60,4,Working,
W20251017,2025-10-17,,5,Seated Barbell Overhead Press,37.5,5,Working,
W20251017,2025-10-17,,6,Seated Barbell Overhead Press,37.5,4,Working,
W20251017,2025-10-17,,7,Seated Barbell Overhead Press,37.5,5,Working,
W20251017,2025-10-17,,8,Squat (Barbell),80,3,Working,Got nauseous
W20251020,2025-10-20,,1,Bench Press (Barbell),55,7,Working,
W20251020,2025-10-20,,2,Bench Press (Barbell),60,4,Working,
W20251020,2025-10-20,,3,Bench Press (Barbell),60,4,Working,
W20251020,2025-10-20,,4,Seated Barbell Overhead Press,37.5,5,Working,
W20251020,2025-10-20,,5,Seated Barbell Overhead Press,37.5,5,Working,
W20251020,2025-10-20,,6,Pull-Up (Weighted),5,6,Working,Added weight (kg)
W20251020,2025-10-20,,7,Pull-Up (Weighted),5,5,Working,Added weight (kg)
W20251020,2025-10-20,,8,Pull-Up (Weighted),5,4,Working,Added weight (kg)
W20251026,2025-10-26,,1,Bench Press (Barbell),55,8,Working,
W20251026,2025-10-26,,2,Bench Press (Barbell),60,5,Working,
W20251026,2025-10-26,,3,Bench Press (Barbell),60,4,Working,
W20251026,2025-10-26,,4,Bench Press (Barbell),65,2,Working,
W20251026,2025-10-26,,5,Seated Barbell Overhead Press,37.5,5,Working,
W20251026,2025-10-26,,6,Seated Barbell Overhead Press,37.5,5,Working,
W20251026,2025-10-26,,7,Seated Barbell Overhead Press,37.5,5,Working,
W20251026,2025-10-26,,8,Lat Pulldown (Iso-Lateral),60,12,Working,
W20251026,2025-10-26,,9,Lat Pulldown (Iso-Lateral),80,4,Working,
W20251026,2025-10-26,,10,Lat Pulldown (Standard Bar),45,12,Working,
W20251026,2025-10-26,,11,Lat Pulldown (Standard Bar),50,5,Working,
W20251026,2025-10-26,,12,Lat Pulldown (Standard Bar),50,6,Working,
W20251026,2025-10-26,,13,Face Pull,27,5,Working,
W20251026,2025-10-26,,14,Face Pull,27,9,Working,
W20251029,2025-10-29,,1,Bench Press (Barbell),45,12,Working,
W20251029,2025-10-29,,2,Bench Press (Barbell),55,10,Working,
W20251029,2025-10-29,,3,Bench Press (Barbell),60,5,Working,
W20251029,2025-10-29,,4,Bench Press (Barbell),65,1,Ramp Single,
W20251029,2025-10-29,,5,Bench Press (Barbell),67.5,1,Ramp Single,
W20251029,2025-10-29,,6,Bench Press (Barbell),70,1,Ramp Single,
W20251029,2025-10-29,,7,Bench Press (Barbell),72.5,1,1RM Success,
W20251029,2025-10-29,,8,Seated Barbell Overhead Press,37.5,8,Working,
W20251029,2025-10-29,,9,Seated Barbell Overhead Press,37.5,9,Working,
W20251029,2025-10-29,,10,Pull-Up (Weighted),5,5,Working,Added weight (kg)
W20251029,2025-10-29,,11,Pull-Up (Weighted),5,5,Working,Added weight (kg)
W20251029,2025-10-29,,12,Squat (Barbell),90,2,Working,
W20251029,2025-10-29,,13,Squat (Barbell),85,5,Working,"Reps unclear (""5/"") interpreted as 5"
W20251104,2025-11-04,,1,Bench Press (Barbell),50,12,Working,
W20251104,2025-11-04,,2,Bench Press (Barbell),60,6,Working,
W20251104,2025-11-04,,3,Bench Press (Barbell),60,6,Working,
W20251109,2025-11-09,,1,Lat Pulldown (Standard Bar),50,12,Warmup,
W20251109,2025-11-09,,2,Lat Pulldown (Standard Bar),60,6,Working,
W20251109,2025-11-09,,3,Lat Pulldown (Standard Bar),65,7,Working,
W20251109,2025-11-09,,4,Lat Pulldown (Standard Bar),65,6,Working,
W20251109,2025-11-09,,5,Adductor Machine,45,12,Warmup,
W20251109,2025-11-09,,6,Adductor Machine,55,12,Working,
W20251109,2025-11-09,,7,Adductor Machine,65,12,Working,
W20251109,2025-11-09,,8,Adductor Machine,75,8,Working,
W20251109,2025-11-09,,9,Adductor Machine,75,8,Working,
W20251109,2025-11-09,,10,Leg Press,77,8,Warmup,
W20251109,2025-11-09,,11,Leg Press,93,12,Working,
W20251109,2025-11-09,,12,Leg Press,109,12,Working,
W20251109,2025-11-09,,13,Leg Press,133,8,Working,
W20251109,2025-11-09,,14,Leg Press,141,10,Working,
W20251109,2025-11-09,,15,Abductor Machine,60,12,Warmup,
W20251109,2025-11-09,,16,Abductor Machine,70,12,Working,
W20251109,2025-11-09,,17,Abductor Machine,80,12,Working,
W20251109,2025-11-09,,18,Bench Press (Barbell),50,12,Working,
W20251109,2025-11-09,,19,Bench Press (Barbell),60,6,Working,
W20251109,2025-11-09,,20,Bench Press (Barbell),65,3,Working,
W20251109,2025-11-09,,21,Bench Press (Barbell),65,3,Working,
W20251109,2025-11-09,,22,Bench Press (Barbell),60,4,Working,
W20251109,2025-11-09,,23,Seated Barbell Overhead Press,40,4,Working,
W20251109,2025-11-09,,24,Seated Barbell Overhead Press,40,3,Working,
W20251112,2025-11-12,,1,Adductor Machine,25,24,Working,
W20251112,2025-11-12,,2,Adductor Machine,40,16,Working,
W20251112,2025-11-12,,3,Abductor Machine,50,20,Warmup,
W20251112,2025-11-12,,4,Abductor Machine,60,22,Working,
W20251112,2025-11-12,,5,Abductor Machine,70,12,Working,
W20251112,2025-11-12,,6,Leg Press,117,16,Working,
W20251112,2025-11-12,,7,Leg Press,133,9,Working,
W20251112,2025-11-12,,8,Leg Press,133,6,Working,
W20251112,2025-11-12,,9,Lat Pulldown (Standard Bar),50,12,Warmup,
W20251112,2025-11-12,,10,Lat Pulldown (Standard Bar),60,6,Working,
W20251112,2025-11-12,,11,Lat Pulldown (Standard Bar),70,,Working,Reps missing
W20251112,2025-11-12,,12,Pull-Up (Weighted),5,5,Working,Added weight (kg)
W20251112,2025-11-12,,13,Pull-Up (Weighted),10,2,Working,Added weight (kg)
W20251112,2025-11-12,,14,Pull-Up (Bodyweight),0,4,Working,
W20251112,2025-11-12,,15,Tucked Lever,0,10,Hold seconds,
W20251112,2025-11-12,,16,Bench Press (Barbell),55,9,Working,
W20251112,2025-11-12,,17,Bench Press (Barbell),60,6,Working,
W20251112,2025-11-12,,18,Bench Press (Barbell),60,4,Working,
W20251112,2025-11-12,,19,Squat (Barbell),80,10,Working,
W20251112,2025-11-12,,20,Squat (Barbell),100,3,Working,
W20251112,2025-11-12,,21,Squat (Barbell),100,3,Working,
W20251112,2025-11-12,,22,T-Bar Row (Machine),30,5,Working,Plus bar
W20251114,2025-11-14,,1,Lat Pulldown (Standard Bar),45,12,Warmup,
W20251114,2025-11-14,,2,Lat Pulldown (Standard Bar),65,5,Working,
W20251114,2025-11-14,,3,Lat Pulldown (Standard Bar),60,6,Working,
W20251114,2025-11-14,,4,Lat Pulldown (Standard Bar),60,6,Working,
W20251114,2025-11-14,,5,Face Pull,25,12,Working,
W20251114,2025-11-14,,6,Face Pull,30,12,Working,
W20251114,2025-11-14,,7,Face Pull,35,8,Working,
W20251114,2025-11-14,,8,Biceps Curl (Barbell),20,11,Working,
W20251114,2025-11-14,,9,Biceps Curl (Barbell),25,5,Working,
W20251114,2025-11-14,,10,Biceps Curl (Barbell),15,10,Working,
W20251114,2025-11-14,,11,Bench Press (Barbell),60,8,Working,
W20251114,2025-11-14,,12,Bench Press (Barbell),65,3,Working,
W20251114,2025-11-14,,13,Bench Press (Barbell),65,4,Working,
W20251114,2025-11-14,,14,Seated Barbell Overhead Press,40,4,Working,
W20251114,2025-11-14,,15,Seated Barbell Overhead Press,40,3,Working,
W20251114,2025-11-14,,16,Seated Barbell Overhead Press,35,4,Working,
W20251114,2025-11-14,,17,Inverted Row (Weighted),10,7,Working,Added weight (kg)
W20251114,2025-11-14,,18,T-Bar Row (Machine),20,9,Working,Plus bar
W20251114,2025-11-14,,19,T-Bar Row (Machine),20,11,Working,Plus bar
W20251114,2025-11-14,,20,Deadlift (Barbell),110,6,Working,
W20251114,2025-11-14,,21,Deadlift (Barbell),110,6,Working,
W20251114,2025-11-14,,22,Lateral Raise (Dumbbell),7,12,Working,
W20251114,2025-11-14,,23,Lateral Raise (Dumbbell),9,6,Working,
W20251115,2025-11-15,,1,Deadlift (Barbell),60,10,Warmup,
W20251115,2025-11-15,,2,Deadlift (Barbell),100,10,Working,
W20251115,2025-11-15,,3,Deadlift (Barbell),130,3,Working,
W20251115,2025-11-15,,4,Deadlift (Barbell),130,4,Working,
W20251115,2025-11-15,,5,Deadlift (Barbell),130,5,Working,
W20251115,2025-11-15,,6,Squat (Barbell),60,5,Warmup,
W20251115,2025-11-15,,7,Squat (Barbell),100,5,Working,
W20251115,2025-11-15,,8,Squat (Barbell),100,4,Working,
W20251115,2025-11-15,,9,Leg Curl (Machine),25,15,Working,
W20251115,2025-11-15,,10,Leg Curl (Machine),35,15,Working,
W20251115,2025-11-15,,11,Leg Press,125,12,Working,
W20251115,2025-11-15,,12,Leg Press,133,10,Working,
W20251115,2025-11-15,,13,Adductor Machine,60,12,Working,
W20251115,2025-11-15,,14,Adductor Machine,65,10,Working,
W20251115,2025-11-15,,15,Abductor Machine,70,17,Working,
W20251115,2025-11-15,,16,Abductor Machine,80,12,Working,
W20251122,2025-11-22,,1,Bench Press (Barbell),20,12,Warmup,
W20251122,2025-11-22,,2,Bench Press (Barbell),30,12,Warmup,
W20251122,2025-11-22,,3,Bench Press (Barbell),40,12,Warmup,
W20251122,2025-11-22,,4,Bench Press (Barbell),60,6,Working,
W20251122,2025-11-22,,5,Bench Press (Barbell),65,3,Working,
W20251122,2025-11-22,,6,Bench Press (Barbell),65,3,Working,
W20251122,2025-11-22,,7,Bench Press (Barbell),65,1,Working,
W20251122,2025-11-22,,8,Bench Press (Barbell),55,10,Backoff,
W20251122,2025-11-22,,9,Seated Barbell Overhead Press,35,7,Working,
W20251122,2025-11-22,,10,Seated Barbell Overhead Press,35,6,Working,
W20251122,2025-11-22,,11,Seated Barbell Overhead Press,35,7,Working,
W20251122,2025-11-22,,12,Lat Pulldown (Standard Bar),55,11,Working,
W20251122,2025-11-22,,13,Lat Pulldown (Standard Bar),65,6,Working,
W20251122,2025-11-22,,14,Lat Pulldown (Standard Bar),65,9,Working,
W20251122,2025-11-22,,15,Biceps Curl (Cable/DB),22.5,14,Working,
W20251122,2025-11-22,,16,Biceps Curl (Cable/DB),22.5,8,Working,
W20251122,2025-11-22,,17,Seated Row (Machine) – Wide Grip,45,7,Working,
W20251122,2025-11-22,,18,Seated Row (Machine) – Wide Grip,45,8,Working,
W20251122,2025-11-22,,19,Seated Row (Machine) – Wide Grip,45,9,Working,
W20251122,2025-11-22,,20,Face Pull,30,10,Working,
W20251122,2025-11-22,,21,Face Pull,30,10,Working,
W20251122,2025-11-22,,22,Lateral Raise (Dumbbell),8,8,Working,
W20251130,2025-11-30,,1,Bench Press (Barbell),20,12,Warmup,
W20251130,2025-11-30,,2,Bench Press (Barbell),30,12,Warmup,
W20251130,2025-11-30,,3,Bench Press (Barbell),50,12,Working,
W20251130,2025-11-30,,4,Bench Press (Barbell),60,6,Working,
W20251130,2025-11-30,,5,Bench Press (Barbell),60,4,Working,
W20251130,2025-11-30,,6,Bench Press (Barbell),60,4,Working,
W20251130,2025-11-30,,7,Seated Barbell Overhead Press,30,8,Working,
W20251130,2025-11-30,,8,Seated Barbell Overhead Press,30,10,Working,
W20251130,2025-11-30,,9,Seated Barbell Overhead Press,30,10,Working,
W20251130,2025-11-30,,10,Seated Row (Machine) – Wide Grip,45,8,Working,
W20251130,2025-11-30,,11,Seated Row (Machine) – Wide Grip,45,8,Working,
W20251130,2025-11-30,,12,Seated Row (Machine) – Wide Grip,45,8,Working,
W20251130,2025-11-30,,13,Pull-Up (Bodyweight),0,6,Working,
W20251130,2025-11-30,,14,Pull-Up (Weighted),10,3,Working,Added weight (kg)
W20251130,2025-11-30,,15,Pull-Up (Weighted),10,3,Working,Added weight (kg)
W20251130,2025-11-30,,16,Deadlift (Barbell),60,10,Warmup,
W20251130,2025-11-30,,17,Deadlift (Barbell),100,10,Working,
W20251130,2025-11-30,,18,Deadlift (Barbell),120,5,Working,
W20251130,2025-11-30,,19,Deadlift (Barbell),140,1,1RM Success,
W20251130,2025-11-30,,20,Deadlift (Barbell),145,1,1RM Success,
W20251130,2025-11-30,,21,Deadlift (Barbell),150,1,1RM Success,
W20251206,2025-12-06,Slightly sick + sleep deprived,1,Bench Press (Barbell),50,10,Working,
W20251206,2025-12-06,Slightly sick + sleep deprived,2,Bench Press (Barbell),55,6,Working,
W20251206,2025-12-06,Slightly sick + sleep deprived,3,Bench Press (Barbell),55,6,Working,
W20251206,2025-12-06,Slightly sick + sleep deprived,4,Seated Barbell Overhead Press,32.5,7,Working,
W20251206,2025-12-06,Slightly sick + sleep deprived,5,Seated Barbell Overhead Press,32.5,7,Working,
W20251206,2025-12-06,Slightly sick + sleep deprived,6,Seated Row (Machine) – Wide Grip,45,7,Working,
W20251206,2025-12-06,Slightly sick + sleep deprived,7,Seated Row (Machine) – Wide Grip,45,8,Working,
W20251206,2025-12-06,Slightly sick + sleep deprived,8,Lat Pulldown (Standard Bar),60,5,Working,
W20251206,2025-12-06,Slightly sick + sleep deprived,9,Lat Pulldown (Standard Bar),55,7,Working,
W20251206,2025-12-06,Slightly sick + sleep deprived,10,Leg Press,109,12,Working,
W20251206,2025-12-06,Slightly sick + sleep deprived,11,Leg Press,125,6,Working,
W20251206,2025-12-06,Slightly sick + sleep deprived,12,Leg Press,125,8,Working,
W20251211,2025-12-11,,1,Bench Press (Barbell),20,12,Warmup,
W20251211,2025-12-11,,2,Bench Press (Barbell),40,12,Warmup,
W20251211,2025-12-11,,3,Bench Press (Barbell),20,12,Warmup,
W20251211,2025-12-11,,4,Bench Press (Barbell),40,12,Warmup,
W20251211,2025-12-11,,5,Bench Press (Barbell),50,10,Working,
W20251211,2025-12-11,,6,Bench Press (Barbell),60,5,Working,
W20251211,2025-12-11,,7,Bench Press (Barbell),60,8,Working,
W20251211,2025-12-11,,8,Bench Press (Barbell),60,7,Working,
W20251211,2025-12-11,,9,Seated Barbell Overhead Press,35,8,Working,
W20251211,2025-12-11,,10,Seated Barbell Overhead Press,35,10,Working,
W20251211,2025-12-11,,11,Seated Barbell Overhead Press,35,6,Working,
W20251211,2025-12-11,,12,Seated Row (Machine) – Wide Grip,50,7,Working,
W20251211,2025-12-11,,13,Seated Row (Machine) – Wide Grip,50,6,Working,
W20251211,2025-12-11,,14,Seated Row (Machine) – Wide Grip,50,8,Working,
W20251211,2025-12-11,,15,Lat Pulldown (Standard Bar),60,5,Working,
W20251211,2025-12-11,,16,Lat Pulldown (Standard Bar),50,10,Working,
W20251211,2025-12-11,,17,Lat Pulldown (Standard Bar),50,8,Working,
W20251211,2025-12-11,,18,Deadlift (Barbell),100,5,Warmup,
W20251211,2025-12-11,,19,Deadlift (Barbell),130,5,Working,
W20251211,2025-12-11,,20,Deadlift (Barbell),140,3,Working,
W20251211,2025-12-11,,21,Deadlift (Barbell),145,1,Ramp Single,
W20251211,2025-12-11,,22,Deadlift (Barbell),120,8,Backoff,
W20251211,2025-12-11,,23,Lateral Raise (Dumbbell),7,10,Working,
W20251211,2025-12-11,,24,Lateral Raise (Dumbbell),7,9,Working,
W20251211,2025-12-11,,25,Leg Press,117,12,Working,
W20251211,2025-12-11,,26,Leg Press,133,8,Working,
W20251211,2025-12-11,,27,Leg Press (High Foot),133,8,Working,
W20251212,2025-12-12,Light Volume,1,Leg Press,69,16,Working,
W20251212,2025-12-12,Light Volume,2,Leg Press,85,16,Working,
W20251212,2025-12-12,Light Volume,3,Leg Press,85,16,Working,
W20251212,2025-12-12,Light Volume,4,Adductor Machine,55,16,Working,
W20251212,2025-12-12,Light Volume,5,Adductor Machine,55,16,Working,
W20251212,2025-12-12,Light Volume,6,Abductor Machine,80,16,Working,
W20251212,2025-12-12,Light Volume,7,Abductor Machine,85,16,Working,
W20251212,2025-12-12,Light Volume,8,Chest Press (Machine),40,12,Working,
W20251212,2025-12-12,Light Volume,9,Chest Press (Machine),40,12,Working,
W20251212,2025-12-12,Light Volume,10,Chest Press (Machine),50,8,Working,
W20251212,2025-12-12,Light Volume,11,Leg Extension (Machine),35,12,Working,
W20251212,2025-12-12,Light Volume,12,Leg Extension (Machine),35,12,Working,
W20251212,2025-12-12,Light Volume,13,Leg Curl (Machine),35,12,Working,
W20251212,2025-12-12,Light Volume,14,Leg Curl (Machine),35,12,Working,
W20251212,2025-12-12,Light Volume,15,Biceps Curl (Barbell),25,9,Working,
W20251212,2025-12-12,Light Volume,16,Biceps Curl (Barbell),20,12,Working,
W20251212,2025-12-12,Light Volume,17,Biceps Curl (Barbell),15,16,Working,
W20251212,2025-12-12,Light Volume,18,Face Pull,30,12,Working,
W20251212,2025-12-12,Light Volume,19,Face Pull,30,12,Working,
W20251212,2025-12-12,Light Volume,20,Lateral Raise (Dumbbell),7,10,Working,
W20251212,2025-12-12,Light Volume,21,Lateral Raise (Dumbbell),7,10,Working,
W20251212,2025-12-12,Light Volume,22,Hanging Leg Raise,0,8,Working,
W20251212,2025-12-12,Light Volume,23,Tucked Lever (Rail),0,2,Working,
W20251213,2025-12-13,,1,Bench Press (Barbell),20,12,Warmup,
W20251213,2025-12-13,,2,Bench Press (Barbell),40,12,Warmup,
W20251213,2025-12-13,,3,Bench Press (Barbell),40,12,Warmup,
W20251213,2025-12-13,,4,Bench Press (Barbell),60,6,Working,
W20251213,2025-12-13,,5,Bench Press (Barbell),60,5,Working,
W20251213,2025-12-13,,6,Bench Press (Barbell),60,6,Working,
W20251213,2025-12-13,,7,Seated Barbell Overhead Press,40,5,Working,
W20251213,2025-12-13,,8,Seated Barbell Overhead Press,40,6,Working,
W20251213,2025-12-13,,9,Seated Barbell Overhead Press,40,6,Working,
W20251213,2025-12-13,,10,T-Bar Row (Machine),30,6,Working,Plus bar
W20251213,2025-12-13,,11,T-Bar Row (Machine),30,8,Working,Plus bar
W20251213,2025-12-13,,12,T-Bar Row (Machine),35,6,Working,Plus bar
W20251213,2025-12-13,,13,T-Bar Row (Machine),35,8,Working,Plus bar
W20251213,2025-12-13,,14,Lat Pulldown (Standard Bar),55,8,Working,
W20251213,2025-12-13,,15,Lat Pulldown (Standard Bar),60,5,Working,
W20251213,2025-12-13,,16,Lat Pulldown (Standard Bar),60,5,Working,
W20251213,2025-12-13,,17,Chin-Up (Bodyweight),0,8,Working,
W20251213,2025-12-13,,18,Chin-Up (Bodyweight),0,5,Working,
W20251213,2025-12-13,,19,Deadlift (Barbell),90,12,Warmup,
W20251213,2025-12-13,,20,Deadlift (Barbell),130,5,Working,
W20251213,2025-12-13,,21,Deadlift (Barbell),130,6,Working,
W20251213,2025-12-13,,22,Deadlift (Barbell),130,5,Working,
W20251213,2025-12-13,,23,Deadlift (Barbell),130,4,Working,
W20251213,2025-12-13,,24,Leg Press,133,12,Working,
W20251213,2025-12-13,,25,Leg Press,149,5,Working,
W20251213,2025-12-13,,26,Leg Press,141,8,Working,
W20251215,2025-12-15,Light Volume,1,Leg Press,77,16,Working,
W20251215,2025-12-15,Light Volume,2,Leg Press,85,24,Working,
W20251215,2025-12-15,Light Volume,3,Leg Press,101,20,Working,
W20251215,2025-12-15,Light Volume,4,Leg Press,101,20,Working,
W20251215,2025-12-15,Light Volume,5,Adductor Machine,60,12,Working,
W20251215,2025-12-15,Light Volume,6,Adductor Machine,60,12,Working,
W20251215,2025-12-15,Light Volume,7,Abductor Machine,80,14,Working,
W20251215,2025-12-15,Light Volume,8,Abductor Machine,80,11,Working,
W20251215,2025-12-15,Light Volume,9,Chest Press (Machine),45,16,Working,
W20251215,2025-12-15,Light Volume,10,Chest Press (Machine),50,12,Working,
W20251215,2025-12-15,Light Volume,11,Seated Row (Machine) – Wide Grip,45,11,Working,
W20251215,2025-12-15,Light Volume,12,Seated Row (Machine) – Wide Grip,40,14,Working,
W20251215,2025-12-15,Light Volume,13,Leg Curl (Machine),35,10,Working,
W20251215,2025-12-15,Light Volume,14,Leg Curl (Machine),35,9,Working,
W20251215,2025-12-15,Light Volume,15,Leg Extension (Machine),35,12,Working,
W20251215,2025-12-15,Light Volume,16,Leg Extension (Machine),35,12,Working,
W20251215,2025-12-15,Light Volume,17,Biceps Curl (Fixed Bar),18,12,Working,Felt easy?
W20251215,2025-12-15,Light Volume,18,Biceps Curl (Fixed Bar),20,12,Working,
W20251215,2025-12-15,Light Volume,19,Biceps Curl (Fixed Bar),20,6,Working,
W20251215,2025-12-15,Light Volume,20,Lateral Raise (Dumbbell),8,12,Working,
W20251215,2025-12-15,Light Volume,21,Lateral Raise (Dumbbell),8,12,Working,
W20251215,2025-12-15,Light Volume,22,Face Pull,30,11,Working,
W20251215,2025-12-15,Light Volume,23,Face Pull,25,14,Working,
W20251215,2025-12-15,Light Volume,24,Lat Pulldown (Standard Bar),40,14,Working,
W20251216,2025-12-16,,1,Bench Press (Barbell),20,12,Warmup,
W20251216,2025-12-16,,2,Bench Press (Barbell),30,12,Warmup,
W20251216,2025-12-16,,3,Bench Press (Barbell),40,12,Warmup,
W20251216,2025-12-16,,4,Bench Press (Barbell),55,6,Working,
W20251216,2025-12-16,,5,Bench Press (Barbell),55,9,Working,
W20251216,2025-12-16,,6,Bench Press (Barbell),60,6,Working,
W20251216,2025-12-16,,7,Bench Press (Barbell),55,6,Working,
W20251216,2025-12-16,,8,Seated Barbell Overhead Press,35,6,Working,
W20251216,2025-12-16,,9,Chest-Supported Row (Machine),50,10,Working,
W20251216,2025-12-16,,10,Chest-Supported Row (Machine),50,10,Working,
W20251216,2025-12-16,,11,Chest-Supported Row (Machine),50,8,Working,
W20251216,2025-12-16,,12,Lat Pulldown (Standard Bar),55,5,Working,
W20251216,2025-12-16,,13,Lat Pulldown (Standard Bar),45,11,Working,
W20251218,2025-12-18,Deload/Volume,1,Bench Press (Barbell),20,12,Warmup,
W20251218,2025-12-18,Deload/Volume,2,Bench Press (Barbell),30,12,Warmup,
W20251218,2025-12-18,Deload/Volume,3,Bench Press (Barbell),40,12,Warmup,
W20251218,2025-12-18,Deload/Volume,4,Bench Press (Barbell),50,7,Working,
W20251218,2025-12-18,Deload/Volume,5,Bench Press (Barbell),45,7,Working,
W20251218,2025-12-18,Deload/Volume,6,Bench Press (Barbell),45,7,Working,"Reps unclear (""7/70"" interpreted as 7)"
W20251218,2025-12-18,Deload/Volume,7,Dumbbell Shoulder Press (Seated),14,7,Working,
W20251218,2025-12-18,Deload/Volume,8,Dumbbell Shoulder Press (Seated),12,9,Working,
W20251218,2025-12-18,Deload/Volume,9,Dumbbell Shoulder Press (Seated),10,12,Working,
W20251218,2025-12-18,Deload/Volume,10,Lat Pulldown (Standard Bar),40,12,Warmup,
W20251218,2025-12-18,Deload/Volume,11,Lat Pulldown (Standard Bar),50,7,Working,
W20251218,2025-12-18,Deload/Volume,12,Assisted Pull-Up,-10,8,Working,
W20251218,2025-12-18,Deload/Volume,13,Assisted Pull-Up,-20,10,Working,Neutral grip
W20251218,2025-12-18,Deload/Volume,14,Seated Row (Machine) – Wide Grip,40,12,Working,
W20251218,2025-12-18,Deload/Volume,15,Seated Row (Machine) – Wide Grip,40,10,Working,
W20251218,2025-12-18,Deload/Volume,16,Biceps Curl (Machine/Bar),15,16,Working,
W20251218,2025-12-18,Deload/Volume,17,Biceps Curl (Machine/Bar),17.5,8,Working,
W20251218,2025-12-18,Deload/Volume,18,Face Pull,20,14,Working,
W20251218,2025-12-18,Deload/Volume,19,Face Pull,25,12,Working,
W20251218,2025-12-18,Deload/Volume,20,Lateral Raise (Dumbbell),5,12,Working,
W20251219,2025-12-19,Leg Day,1,Leg Press,85,12,Warmup,
W20251219,2025-12-19,Leg Day,2,Leg Press,101,12,Warmup,
W20251219,2025-12-19,Leg Day,3,Leg Press,117,12,Working,
W20251219,2025-12-19,Leg Day,4,Leg Press,133,12,Working,
W20251219,2025-12-19,Leg Day,5,Leg Press,141,12,Working,
W20251219,2025-12-19,Leg Day,6,Leg Press,157,5,Working,
W20251219,2025-12-19,Leg Day,7,Romanian Deadlift (Barbell),80,10,Working,
W20251219,2025-12-19,Leg Day,8,Romanian Deadlift (Barbell),80,10,Working,
W20251219,2025-12-19,Leg Day,9,Leg Curl (Machine),30,12,Working,
W20251219,2025-12-19,Leg Day,10,Leg Curl (Machine),30,12,Working,
W20251219,2025-12-19,Leg Day,11,Leg Extension (Machine),40,12,Working,
W20251219,2025-12-19,Leg Day,12,Leg Extension (Machine),40,13,Working,
W20251219,2025-12-19,Leg Day,13,Leg Extension (Machine),65,5,Working,
W20251219,2025-12-19,Leg Day,14,Adductor Machine,60,16,Working,
W20251219,2025-12-19,Leg Day,15,Adductor Machine,70,9,Working,
W20251219,2025-12-19,Leg Day,16,Abductor Machine,80,11,Working,
W20251219,2025-12-19,Leg Day,17,Abductor Machine,70,11,Working,
W20251221,2025-12-21,,1,Bench Press (Barbell),20,12,Warmup,
W20251221,2025-12-21,,2,Bench Press (Barbell),40,12,Warmup,
W20251221,2025-12-21,,3,Bench Press (Barbell),50,12,Warmup,
W20251221,2025-12-21,,4,Bench Press (Barbell),60,7,Working,
W20251221,2025-12-21,,5,Bench Press (Barbell),60,5,Working,
W20251221,2025-12-21,,6,Bench Press (Barbell),60,6,Working,
W20251221,2025-12-21,,7,Seated Barbell Overhead Press,35,9,Working,
W20251221,2025-12-21,,8,Seated Barbell Overhead Press,37.5,8,Working,
W20251221,2025-12-21,,9,Seated Barbell Overhead Press,37.5,5,Working,
W20251221,2025-12-21,,10,Chest Press (Machine),45,12,Working,
W20251221,2025-12-21,,11,Chest Press (Machine),45,9,Working,
W20251221,2025-12-21,,12,Triceps Extension (Cable),30,10,Working,Easy
W20251221,2025-12-21,,13,Triceps Extension (Cable),35,11,Working,
W20251221,2025-12-21,,14,Lateral Raise (Dumbbell),8,10,Working,
W20251221,2025-12-21,,15,Lateral Raise (Dumbbell),8,8,Working,
W20251223,2025-12-23,,1,Lat Pulldown (Standard Bar),20,10,Warmup,
W20251223,2025-12-23,,2,Lat Pulldown (Standard Bar),40,10,Warmup,
W20251223,2025-12-23,,3,Lat Pulldown (Standard Bar),55,7,Working,
W20251223,2025-12-23,,4,Lat Pulldown (Standard Bar),55,7,Working,
W20251223,2025-12-23,,5,Lat Pulldown (Standard Bar),55,8,Working,
W20251223,2025-12-23,,6,Lat Pulldown (Standard Bar),55,7,Working,
W20251223,2025-12-23,,7,Chest-Supported Row (Machine),55,10,Working,
W20251223,2025-12-23,,8,Chest-Supported Row (Machine),55,9,Working,
W20251223,2025-12-23,,9,Chest-Supported Row (Machine),55,8,Working,
W20251223,2025-12-23,,10,Chest-Supported Row (Machine),45,10,Working,
W20251223,2025-12-23,,11,Face Pull,25,14,Working,
W20251223,2025-12-23,,12,Face Pull,30,10,Working,
W20251223,2025-12-23,,13,Hammer Curl (Dumbbell),12,7,Working,
W20251223,2025-12-23,,14,Hammer Curl (Dumbbell),10,12,Working,
W20251223,2025-12-23,,15,Deadlift (Barbell),130,7,Working,
W20251223,2025-12-23,,16,Deadlift (Barbell),130,5,Working,
W20251223,2025-12-23,,17,Deadlift (Barbell),130,6,Working,
W20251223,2025-12-23,,18,Leg Press,101,21,Working,
W20251223,2025-12-23,,19,Leg Press,117,14,Working,
W20251224,2025-12-24,,1,Bench Press (Barbell),20,12,Warmup,
W20251224,2025-12-24,,2,Bench Press (Barbell),40,12,Warmup,
W20251224,2025-12-24,,3,Bench Press (Barbell),45,12,Warmup,
W20251224,2025-12-24,,4,Bench Press (Barbell),60,7,Working,
W20251224,2025-12-24,,5,Bench Press (Barbell),60,7,Working,
W20251224,2025-12-24,,6,Bench Press (Barbell),60,7,Working,
W20251224,2025-12-24,,7,Leg Extension (Machine),45,12,Working,
W20251224,2025-12-24,,8,Leg Press,125,12,Working,
W20251224,2025-12-24,,9,Leg Press,141,10,Working,
W20251224,2025-12-24,,10,Leg Press,141,7,Working,
W20251224,2025-12-24,,11,Adductor Machine,65,16,Working,
W20251224,2025-12-24,,12,Adductor Machine,65,16,Working,
W20251224,2025-12-24,,13,Abductor Machine,80,12,Working,
W20251224,2025-12-24,,14,Abductor Machine,80,12,Working,
W20251229,2025-12-29,Sick,1,Bench Press (Barbell),20,12,Warmup,
W20251229,2025-12-29,Sick,2,Bench Press (Barbell),40,12,Warmup,
W20251229,2025-12-29,Sick,3,Bench Press (Barbell),40,12,Warmup,
W20251229,2025-12-29,Sick,4,Bench Press (Barbell),60,5,Working,
W20251229,2025-12-29,Sick,5,Bench Press (Barbell),60,5,Working,
W20251229,2025-12-29,Sick,6,Bench Press (Barbell),60,4,Working,
W20251229,2025-12-29,Sick,7,Seated Barbell Overhead Press,30,8,Working,
W20251229,2025-12-29,Sick,8,Seated Barbell Overhead Press,30,8,Working,
W20251229,2025-12-29,Sick,9,Chest Press (Machine),40,12,Working,
W20251229,2025-12-29,Sick,10,Chest Press (Machine),40,12,Working,
W20251229,2025-12-29,Sick,11,Triceps Extension (Cable),35,12,Working,
W20251229,2025-12-29,Sick,12,Triceps Extension (Cable),35,12,Working,
W20251229,2025-12-29,Sick,13,Lateral Raise (Dumbbell),7,11,Working,
W20251229,2025-12-29,Sick,14,Lateral Raise (Dumbbell),7,10,Working,
W20260110,2026-01-10,,1,Bench Press (Barbell),20,12,Warmup,
W20260110,2026-01-10,,2,Bench Press (Barbell),40,12,Warmup,
W20260110,2026-01-10,,3,Bench Press (Barbell),50,8,Working,
W20260110,2026-01-10,,4,Bench Press (Barbell),60,6,Working,
W20260110,2026-01-10,,5,Bench Press (Barbell),60,5,Working,
W20260110,2026-01-10,,6,Bench Press (Barbell),60,6,Working,
W20260110,2026-01-10,,7,Leg Press,117,12,Working,
W20260110,2026-01-10,,8,Chest Press (Machine),45,12,Working,
W20260110,2026-01-10,,9,Chest Press (Machine),45,10,Working,
W20260110,2026-01-10,,10,Chest Press (Machine),45,12,Working,
W20260110,2026-01-10,,11,Deadlift (Barbell),100,8,Warmup,
W20260110,2026-01-10,,12,Deadlift (Barbell),130,6,Working,
W20260110,2026-01-10,,13,Deadlift (Barbell),130,5,Working,
W20260110,2026-01-10,,14,Deadlift (Barbell),130,3,Working,
W20260110,2026-01-10,,15,Lateral Raise (Dumbbell),7,12,Working,
W20260110,2026-01-10,,16,Lateral Raise (Dumbbell),10,10,Working,
W20260114,2026-01-14,,1,Lat Pulldown (Neutral V-handle),30,10,Warmup,
W20260114,2026-01-14,,2,Lat Pulldown (Neutral V-handle),45,6,Working,
W20260114,2026-01-14,,3,Lat Pulldown (Neutral V-handle),40,9,Working,
W20260114,2026-01-14,,4,Lat Pulldown (Neutral V-handle),35,12,Working,
W20260114,2026-01-14,,5,Lat Pulldown (Neutral V-handle),40,9,Working,
W20260114,2026-01-14,,6,Chest-Supported Row (Machine),50,10,Working,
W20260114,2026-01-14,,7,Chest-Supported Row (Machine),50,10,Working,
W20260114,2026-01-14,,8,Chest-Supported Row (Machine),50,9,Working,
W20260114,2026-01-14,,9,Bench Press (Barbell),50,12,Working,
W20260114,2026-01-14,,10,Bench Press (Barbell),50,8,Working,
W20260114,2026-01-14,,11,Bench Press (Barbell),60,6,Working,
W20260114,2026-01-14,,12,Face Pull,25,12,Working,
W20260114,2026-01-14,,13,Face Pull,30,12,Working,
W20260114,2026-01-14,,14,Face Pull,30,10,Working,
W20260114,2026-01-14,,15,Triceps Extension (Cable),35,12,Working,
W20260114,2026-01-14,,16,Triceps Extension (Cable),35,12,Working,
W20260114,2026-01-14,,17,Incline Dumbbell Hammer Curl,10,12,Working,
W20260114,2026-01-14,,18,Incline Dumbbell Hammer Curl,10,12,Working,
W20260117,2026-01-17,,1,Leg Press,85,10,Warmup,
W20260117,2026-01-17,,2,Leg Press,101,10,Warmup,
W20260117,2026-01-17,,3,Leg Press,117,10,Warmup,
W20260117,2026-01-17,,4,Leg Press,141,12,Working,
W20260117,2026-01-17,,5,Leg Press,133,12,Working,
W20260117,2026-01-17,,6,Leg Press,149,12,Working,
W20260117,2026-01-17,,7,Deadlift (Barbell),100,10,Warmup,
W20260117,2026-01-17,,8,Deadlift (Barbell),120,5,Working,
W20260117,2026-01-17,,9,Deadlift (Barbell),140,1,Ramp Single,
W20260117,2026-01-17,,10,Deadlift (Barbell),150,1,Ramp Single,
W20260117,2026-01-17,,11,Deadlift (Barbell),160,1,1RM Success,
W20260117,2026-01-17,,12,Deadlift (Barbell),170,0,1RM Fail,
W20260117,2026-01-17,,13,Leg Extension (Machine),40,12,Working,
W20260117,2026-01-17,,14,Leg Extension (Machine),40,12,Working,
W20260117,2026-01-17,,15,Adductor Machine,70,12,Working,
W20260117,2026-01-17,,16,Adductor Machine,70,12,Working,
W20260117,2026-01-17,,17,Abductor Machine,70,12,Working,
W20260117,2026-01-17,,18,Abductor Machine,75,10,Working,
W20260117,2026-01-17,,19,Chest Press (Machine),50,12,Working,
W20260117,2026-01-17,,20,Chest Press (Machine),50,12,Working,
W20260117,2026-01-17,,21,Chest Press (Machine),50,11,Working,
W20260121,2026-01-21,,1,Bench Press (Barbell),20,12,Warmup,
W20260121,2026-01-21,,2,Bench Press (Barbell),40,12,Warmup,
W20260121,2026-01-21,,3,Bench Press (Barbell),50,5,Warmup,
W20260121,2026-01-21,,4,Bench Press (Barbell),60,5,Working,
W20260121,2026-01-21,,5,Bench Press (Barbell),60,9,Working,
W20260121,2026-01-21,,6,Bench Press (Barbell),70,1,Ramp Single,
W20260121,2026-01-21,,7,Bench Press (Barbell),75,1,1RM Success,
W20260121,2026-01-21,,8,Bench Press (Barbell),80,0,1RM Fail,
W20260121,2026-01-21,,9,Bench Press (Barbell),60,8,Working,
W20260121,2026-01-21,,10,Bench Press (Barbell),65,4,Working,
W20260121,2026-01-21,,11,Chest Press (Machine),50,8,Working,
W20260121,2026-01-21,,12,Chest Press (Machine),50,8,Working,
W20260121,2026-01-21,,13,Chest Press (Machine),50,7,Working,
W20260121,2026-01-21,,14,Chest-Supported Row (Machine),50,10,Working,
W20260121,2026-01-21,,15,Chest-Supported Row (Machine),50,9,Working,
W20260121,2026-01-21,,16,Chest-Supported Row (Machine),50,8,Working,
W20260122,2026-01-22,B,1,Deadlift (Barbell),90,5,Warmup,
W20260122,2026-01-22,B,2,Deadlift (Barbell),120,5,Warmup,
W20260122,2026-01-22,B,3,Deadlift (Barbell),140,7,Working,
W20260122,2026-01-22,B,4,Deadlift (Barbell),150,4,Working,
W20260122,2026-01-22,B,5,Deadlift (Barbell),130,10,Working,
W20260122,2026-01-22,B,6,Deadlift (Barbell),130,5,Backoff,
W20260122,2026-01-22,B,7,Leg Press,125,15,Warmup,
W20260122,2026-01-22,B,8,Leg Press,157,7,Working,
W20260122,2026-01-22,B,9,Leg Press,141,12,Working,
W20260122,2026-01-22,B,10,Leg Press,141,11,Working,
W20260122,2026-01-22,B,11,Leg Press,133,12,Backoff,
W20260122,2026-01-22,B,12,Leg Curl (Machine),25,12,Working,
W20260122,2026-01-22,B,13,Leg Curl (Machine),30,10,Working,
W20260122,2026-01-22,B,14,Leg Curl (Machine),30,10,Working,
W20260122,2026-01-22,B,15,Leg Extension (Machine),45,12,Working,
W20260122,2026-01-22,B,16,Leg Extension (Machine),40,12,Working,
W20260122,2026-01-22,B,17,Adductor Machine,60,16,Working,
W20260122,2026-01-22,B,18,Adductor Machine,70,9,Working,
W20260122,2026-01-22,B,19,Abductor Machine,80,10,Working,
W20260122,2026-01-22,B,20,Abductor Machine,70,11,Working,
W20260123,2026-01-23,C,1,Bench Press (Barbell),20,10,Warmup,
W20260123,2026-01-23,C,2,Bench Press (Barbell),40,5,Warmup,
W20260123,2026-01-23,C,3,Bench Press (Barbell),50,3,Warmup,
W20260123,2026-01-23,C,4,Bench Press (Barbell),55,1,Warmup,
W20260123,2026-01-23,C,5,Bench Press (Barbell),60,10,Working,
W20260123,2026-01-23,C,6,Bench Press (Barbell),60,9,Working,
W20260123,2026-01-23,C,7,Bench Press (Barbell),60,6,Backoff,
W20260123,2026-01-23,C,8,Seated Barbell Overhead Press,35,5,Working,
W20260123,2026-01-23,C,9,Seated Barbell Overhead Press,30,11,Working,
W20260123,2026-01-23,C,10,Seated Barbell Overhead Press,30,9,Working,
W20260123,2026-01-23,C,11,Lat Pulldown (Neutral D-handle),50,10,Working,
W20260123,2026-01-23,C,12,Lat Pulldown (Neutral D-handle),50,12,Working,
W20260123,2026-01-23,C,13,Lat Pulldown (Neutral V-handle),35,12,Working,
W20260123,2026-01-23,C,14,Lat Pulldown (Neutral V-handle),40,10,Working,
W20260123,2026-01-23,C,15,Incline Dumbbell Hammer Curl,12,9,Working,
W20260123,2026-01-23,C,16,Incline Dumbbell Hammer Curl,12,7,Working,
W20260123,2026-01-23,C,17,Seated Row (Machine) – Wide Grip,40,10,Working,
W20260123,2026-01-23,C,18,Seated Row (Machine) – Wide Grip,30,12,Working,
W20260123,2026-01-23,C,19,Triceps Extension (Cable),35,15,Working,
W20260123,2026-01-23,C,20,Triceps Extension (Cable),40,10,Working,
W20260123,2026-01-23,C,21,Face Pull,30,14,Working,
W20260123,2026-01-23,C,22,Face Pull,35,12,Working,
W20260123,2026-01-23,C,23,Lateral Raise (Dumbbell),8,7,Working,
W20260123,2026-01-23,C,23,Lateral Raise (Dumbbell),5,15,Backoff,
W20260123,2026-01-23,C,24,Seated Row (Machine) – Narrow Grip,30,20,Working,
W20260201,2026-02-01,C,1,Bench Press (Barbell),20,10,Warmup,
W20260201,2026-02-01,C,2,Bench Press (Barbell),40,5,Warmup,
W20260201,2026-02-01,C,3,Bench Press (Barbell),50,3,Warmup,
W20260126,2026-01-26,A,11,Bench Press (Barbell),65,4,Working,
W20260126,2026-01-26,A,12,Bench Press (Barbell),65,4,Working,
W20260126,2026-01-26,A,13,Bench Press (Barbell),65,6,Working,
W20260201,2026-02-01,C,7,Chest Press (Machine),55,10,Working,
W20260201,2026-02-01,C,8,Chest Press (Machine),55,10,Working,
W20260201,2026-02-01,C,9,Chest Press (Machine),55,10,Working,
W20260201,2026-02-01,C,10,Lat Pulldown (Neutral Wide MAG),50,10,Working,
W20260201,2026-02-01,C,11,Lat Pulldown (Neutral Wide MAG),60,7,Working,
W20260201,2026-02-01,C,12,Assisted Pull-Up,-10,7,Working,
W20260201,2026-02-01,C,13,Chin-Up (Bodyweight),0,5,Working,Semi Supinated
W20260201,2026-02-01,C,14,Chin-Up (Bodyweight),0,5,Working,Semi Supinated
W20260201,2026-02-01,C,15,T-Bar Row (Machine),35,5,Working,
W20260201,2026-02-01,C,16,T-Bar Row (Machine),25,12,Working,
W20260201,2026-02-01,C,17,Triceps Extension (Cable),35,12,Working,Angled Bar
W20260201,2026-02-01,C,18,Triceps Extension (Cable),35,12,Working,Angled Bar
W20260201,2026-02-01,C,19,Face Pull,35,12,Working,
W20260201,2026-02-01,C,20,Face Pull,35,12,Working,
W20260201,2026-02-01,C,21,Incline Dumbbell Hammer Curl,12,10,Working,
W20260201,2026-02-01,C,22,Incline Dumbbell Hammer Curl,12,8,Working,
W20260126,2026-01-26,A,18,Lateral Raise (Dumbbell),6,8,Working,didn’t rest enough
W20260126,2026-01-26,A,19,Lateral Raise (Dumbbell),6,14,Working,
W20260130,2026-01-30,B,1,Deadlift (Barbell),60,10,Warmup,
W20260130,2026-01-30,B,2,Deadlift (Barbell),100,5,Warmup,
W20260130,2026-01-30,B,3,Deadlift (Barbell),120,1,Warmup,
W20260130,2026-01-30,B,4,Deadlift (Barbell),140,8,Working,
W20260130,2026-01-30,B,5,Deadlift (Barbell),140,8,Working,
W20260130,2026-01-30,B,6,Deadlift (Barbell),140,2,Working,
W20260130,2026-01-30,B,7,Deadlift (Barbell),120,8,Backoff,
W20260130,2026-01-30,B,8,Deadlift (Barbell),120,5,Backoff,
W20260130,2026-01-30,B,9,Leg Press,141,11,Working,
W20260130,2026-01-30,B,10,Leg Press,157,6,Working,
W20260130,2026-01-30,B,11,Leg Press,157,7,Working,
W20260130,2026-01-30,B,12,Leg Press,157,6,Working,
W20260126,2026-01-26,A,1,Chest-Supported Dumbbell Row,13.5,12,Working,
W20260126,2026-01-26,A,2,Chest-Supported Dumbbell Row,13.5,11,Working,
W20260126,2026-01-26,A,3,Chest-Supported Dumbbell Row,13.5,12,Working,
W20260126,2026-01-26,A,4,Dumbbell Shoulder Press (Seated),13.5,12,Working,
W20260126,2026-01-26,A,5,Dumbbell Shoulder Press (Seated),15.7,8,Working,
W20260126,2026-01-26,A,6,Dumbbell Shoulder Press (Seated),15.7,8,Working,
W20260126,2026-01-26,A,7,Bench Press (Barbell),20,10,Warmup,
W20260126,2026-01-26,A,8,Bench Press (Barbell),40,5,Warmup,
W20260126,2026-01-26,A,9,Bench Press (Barbell),50,3,Warmup,
W20260126,2026-01-26,A,10,Bench Press (Barbell),60,10,Working,
W20260201,2026-02-01,C,4,Bench Press (Barbell),65,9,Working,
W20260201,2026-02-01,C,5,Bench Press (Barbell),65,8,Working,
W20260201,2026-02-01,C,6,Bench Press (Barbell),65,7,Working,
W20260126,2026-01-26,A,14,Hammer Curl (Dumbbell),10,16,Working,
W20260126,2026-01-26,A,15,Hammer Curl (Dumbbell),11.3,12,Working,
W20260126,2026-01-26,A,16,Rear Delt Fly (Dumbbell),6,9,Working,rep count uncertain
W20260126,2026-01-26,A,17,Rear Delt Fly (Dumbbell),4,14,Working,
W20260201,2026-02-01,C,23,Lateral Raise (Dumbbell),9,6,Working,
W20260201,2026-02-01,C,24,Lateral Raise (Dumbbell),5,20,Working,
